<?xml version="1.0" encoding="UTF-8"?>

<!-- This is a sample metadata repository for the ObJectBridge System.

     Use this file as a template for building your own mappings-->



<!-- defining entities for include-files -->

<!DOCTYPE descriptor-repository SYSTEM "repository.dtd" [

<!ENTITY internal SYSTEM "repository_internal.xml">



]>





<descriptor-repository version="0.9.6" isolation-level="read-uncommitted">

<!-- The Default JDBC Connection. If a class-descriptor does not specify its own JDBC Connection,

     the Connection specified here will be used. -->



   <jdbc-connection-descriptor

   		platform="MySQL"

   		jdbc-level="2.0"

   		driver="org.gjt.mm.mysql.Driver"

   		protocol="jdbc"

		subprotocol="@OJB_DB_URL@"

   		dbalias="waf"

   		username="waf_user"

   		password="password"

		/>



    <class-descriptor class="com.wrox.javaedge.member.MemberVO" table="member">

       <field-descriptor id="1" name="memberId" column="member_id" jdbc-type="BIGINT"  primarykey="true" autoincrement="true"/>

       <field-descriptor id="2" name="firstName" column="first_name" jdbc-type="VARCHAR"/>

       <field-descriptor id="3" name="lastName"  column="last_name"  jdbc-type="VARCHAR"/>

       <field-descriptor id="4" name="userId" column="userid" jdbc-type="VARCHAR"/>

       <field-descriptor id="5" name="password" column="password" jdbc-type="VARCHAR"/>

       <field-descriptor id="6" name="email" column="email" jdbc-type="VARCHAR"/>

    </class-descriptor> 

    

    <class-descriptor class="com.wrox.javaedge.story.StoryVO" table="story">

       <field-descriptor id="1" name="storyId" column="story_id" jdbc-type="BIGINT"  primarykey="true" autoincrement="true"/>

       <field-descriptor id="2" name="memberId" column="member_id" jdbc-type="BIGINT"/>

       <field-descriptor id="3" name="storyTitle" column="story_title" jdbc-type="VARCHAR"/>

       <field-descriptor id="4" name="storyIntro"  column="story_intro"  jdbc-type="VARCHAR"/>

       <field-descriptor id="5" name="storyBody" column="story_body" jdbc-type="LONGVARBINARY"/>

       <field-descriptor id="6" name="submissionDate" column="submission_date" jdbc-type="DATE"/>
      
       <reference-descriptor name="storyAuthor" class-ref="com.wrox.javaedge.member.MemberVO" auto-retrieve="true">

         <foreignkey field-id-ref="2"/>

       </reference-descriptor>

       <collection-descriptor name ="comments" element-class-ref="com.wrox.javaedge.story.StoryCommentVO" auto-retrieve="true" auto-update="true" auto-delete="true">

          <inverse-foreignkey field-id-ref="2"/>

       </collection-descriptor>     


    </class-descriptor> 

        

    <class-descriptor class="com.wrox.javaedge.story.StoryCommentVO" table="story_comment">

       <field-descriptor id="1" name="commentId" column="comment_id" jdbc-type="BIGINT"  primarykey="true" autoincrement="true"/>

       <field-descriptor id="2" name="storyId" column="story_id" jdbc-type="BIGINT"/>

       <field-descriptor id="3" name="memberId" column="member_id" jdbc-type="BIGINT"/>

       <field-descriptor id="4" name="commentBody" column="comment_body" jdbc-type="LONGVARBINARY"/>

       <field-descriptor id="5" name="submissionDate" column="submission_date" jdbc-type="DATE"/>
       

       <reference-descriptor name="commentAuthor" class-ref="com.wrox.javaedge.member.MemberVO" auto-retrieve="true">

         <foreignkey field-id-ref="3"/>

       </reference-descriptor>

    </class-descriptor>





    <!-- include ojb internal mappings here -->

    &internal;





</descriptor-repository>
