<?xml version="1.0" encoding="ISO-8859-1"?>
<!DOCTYPE struts-config PUBLIC "-//Apache Software Foundation//DTD Struts Configuration 1.1//EN"
                               "http://jakarta.apache.org/struts/dtds/struts-config_1_1.dtd">

<struts-config>
   <form-beans>
      <form-bean name="postStoryForm"   type="com.wrox.javaedge.struts.poststory.PostStoryForm"/>
      <!--<form-bean name="postStoryForm" type="org.apache.struts.action.DynaActionForm">-->
      <!--<form-bean name="postStoryForm" type="org.apache.struts.validator.DynaValidatorForm">
         <form-property name="storyIntro" type="java.lang.String" initial="Please enter a story intro!"/>
         <form-property name="storyBody"  type="java.lang.String" initial="Please enter a story body!"/>
         <form-property name="storyTitle" type="java.lang.String" initial="Please enter a story title!"/>
      </form-bean>-->
      
      <form-bean name="postCommentForm" type="com.wrox.javaedge.struts.postcomment.PostCommentForm"/>
      <form-bean name="signUpForm"      type="com.wrox.javaedge.struts.signup.SignUpForm"/>
      <form-bean name="loginForm"       type="com.wrox.javaedge.struts.login.LoginForm"/>
      <form-bean name="searchForm"	type="com.wrox.javaedge.struts.search.SearchForm"/>
   </form-beans>
   
   <global-forwards type="org.apache.struts.action.ActionForward">
      <forward name="system.error" path="/WEB-INF/jsp/systemError.jsp"/>
      <forward name="default.action" path="/execute/homePageSetup"/>
   </global-forwards>
 
   <action-mappings>
      <action path="/homePageSetup"
              type="com.wrox.javaedge.struts.homepage.HomePageSetupAction"
              unknown="true">
              <forward name="homepage.success" path="/WEB-INF/jsp/homePage.jsp"/>
      </action>
      <action path="/storyDetailSetup"
              type="com.wrox.javaedge.struts.storydetail.StoryDetailSetupAction">
              <forward name="storydetail.success" path="/WEB-INF/jsp/storyDetail.jsp"/>
      </action>
      
      <action path="/signUpSetup"
              type="com.wrox.javaedge.struts.signup.SignUpSetupAction"
              name="signUpForm"
              scope="request"
              validate="false">
              <forward name="signup.success" path="/WEB-INF/jsp/signUp.jsp"/>
      </action>
      
      <action path="/signUp"
              input="/WEB-INF/jsp/signUp.jsp"
              name="signUpForm"
              scope="request"
              validate="true"
              type="com.wrox.javaedge.struts.signup.SignUp">
              <forward name="signup.success" path="/execute/homePageSetup"/>
      </action>
      
      <action path="/login"
              input="/execute/homePageSetup"
              name="loginForm"
              scope="request"
              validate="true"
              type="com.wrox.javaedge.struts.login.Login">
              <forward name="login.success" path="/execute/homePageSetup"/>
      </action>

      <action path="/logout"
              scope="request"
              validate="false"
              type="com.wrox.javaedge.struts.login.Logout">
              <forward name="logout.success" path="/execute/homePageSetup" redirect="true"/>
      </action>
      
      <action path="/postStorySetup"
              type="com.wrox.javaedge.struts.poststory.PostStorySetupAction"
              name="postStoryForm"
              scope="request"
              validate="false">
              <forward name="poststory.success" path="/WEB-INF/jsp/postStory.jsp"/>
      </action>
      
      <action path="/postStory"
              input="/WEB-INF/jsp/postStory.jsp"
              name="postStoryForm"
              scope="request"
              validate="true"
              type="com.wrox.javaedge.struts.poststory.PostStory">
              <forward name="poststory.success" path="/execute/homePageSetup"/>
      </action>
      
      <action path="/postCommentSetup"
              type="com.wrox.javaedge.struts.postcomment.PostCommentSetupAction"
              name="postCommentForm"
              scope="request"
              validate="false">
              <forward name="postcomment.success" path="/WEB-INF/jsp/postComment.jsp"/>
      </action>
      
      <action path="/postComment"
              type="com.wrox.javaedge.struts.postcomment.PostComment"
              name="postCommentForm"
              scope="request"
              validate="false">
              <forward name="postcomment.success" path="/execute/homePageSetup"/>
      </action>
      
      <action path="/news.rss"
              type="com.wrox.javaedge.struts.rss.RSSSetupAction">
              <forward name="rss.success" path="/WEB-INF/jsp/rss.jsp"/>
      </action>       
      
      <action path="/SearchSetup"
              type="com.wrox.javaedge.struts.search.SearchFormSetupAction"
              name="searchForm"
              scope="request"
              validate="false">
              <forward name="search.success" path="/WEB-INF/jsp/searchForm.jsp"/>
      </action>
      
      <action path="/Search"
              type="com.wrox.javaedge.struts.search.Search"
              input="/WEB-INF/jsp/searchForm.jsp"
              name="searchForm"
              scope="request"
              validate="false">
              <forward name="search.success" path="/WEB-INF/jsp/searchForm.jsp"/>
      </action>
      
   </action-mappings>
   <plug-in className="org.apache.struts.validator.ValidatorPlugIn">
      <set-property property="pathnames" value="/WEB-INF/validator-rules.xml,
                                                /WEB-INF/validation.xml"/>
   </plug-in>
   <plug-in className="com.wrox.javaedge.struts.search.IndexerPlugIn">
   	<set-property property="time" value="360000"/>   
   </plug-in>
</struts-config>
